name,DOB,address
Jordan Carpenter,27/09/1978,5380 Walker Spur Sherryberg NE 98990
Victoria Sosa,13/04/1975,63818 Christian DriveBradshawton FL 28677
Molly Williams,25/04/2015,61131 Ashley Walks Suite 426East Briannastad MA 99910
Kara Henderson,12/01/2002,776 Arroyo JunctionsCandacetown AR 85017
Kimberly Duarte,05/11/1967,1100 James CovesWest Vanessa RI 56828
Jenny Wright,21/10/1968,8445 Roy FallCharlesfurt SC 96651
Amanda Cain,13/06/1992,782 Norman KnollsCodychester DE 77978
Michelle Oliver,15/02/2009,51275 Kevin Station Suite 513North Christopherport GA 52006
Catherine Flowers,15/03/1993,384 Clark ParkwayPort Jonathanchester OK 08751
Stephen Flores,24/12/1995,471 Monica FlatsLake Ryan KS 25817
Timothy Coleman,02/06/1982,48756 Nicole Centers Apt. 324Cobbbury ID 00680
Nicole Jones,30/04/1993,43460 Carlson ExtensionsNew Lisa ME 71627
Richard Brown,02/01/1983,USNS WalkerFPO AE 38724
Maria Bush,05/08/2005,4605 Hendricks ShoresLake Bernard WA 19712
Patrick Mayer,14/03/1998,518 Suzanne RoadsSandraborough ID 14362
Tracey Graves,21/07/2011,4962 John Circle Suite 328Jonton AR 83948
Michael Rose,04/01/1971,10682 Brian Way Apt. 654Crystalmouth MT 17731
Todd Walker,07/08/1970,7651 Hill OverpassCarrillotown OK 96336
Eric Williams,28/08/1972,299 Wallace FerryPort Kathleen NJ 24243
Bobby Alvarez,09/10/1986,455 Katherine MissionRuizview NM 72110
Kerri Miller,23/01/1993,35464 Sherry Crescent Apt. 645Tammymouth MN 03876
Keith Mcdonald,12/06/1997,022 Cooper RoadsElliston NJ 05126
Tracey Kennedy,14/02/2009,01828 Kelly Ford Apt. 056Geoffreyfurt TX 87205
Matthew Nguyen,10/01/2013,454 Bryan Point Suite 368Shannonfurt WV 50580
Heather Lee,16/01/1985,74008 Henry Bypass Apt. 969Bellmouth WI 17720
John Cortez,06/11/2011,10115 Pearson TurnpikeTorreschester MA 60673
Steven Romero,06/10/1999,Unit 1049 Box 5957DPO AP 14495
Taylor Walsh,12/05/1972,27854 Austin ForksGreenmouth GA 83106
Michael Brown,08/09/1988,822 Randolph Highway Apt. 952Port Roger CT 68754
12,12/12/2012,yolo drive livingstreet
Katherine Finley,12/12/1977,047 Schaefer Spur Suite 650Robertfort MA 57183
Emily Martinez,14/01/1967,Unit 2014 Box 1125DPO AP 13409
Jeffrey Barron,23/05/2006,715 Steven Fall Apt. 448Adamfort DC 41831
Susan Wright,13/01/1982,221 Jocelyn Meadow Suite 769Ashleyport ME 21448
Nicole Weaver,02/05/1971,995 Montoya Isle Suite 697Lake John MS 48230
Kristen Horne,31/03/2011,PSC 9101 Box 3314APO AE 44809
Margaret Anderson,06/06/1981,844 Kelly Canyon Apt. 283Port Luis MS 31996
Natasha Garcia,15/12/1971,66562 Sarah Terrace Apt. 684South Michaelfort NM 83465
Gregory Wright,19/01/1986,75180 William Turnpike Apt. 265North Michaelport FL 81541
Thomas Sims,18/09/2013,8118 Moyer UnderpassLake Jon NJ 73883
Leonard Williams,16/08/2012,3167 Katrina PrairieDiazland GA 77966
Michael Singh,07/05/1977,1813 David Springs Apt. 899North Shannonburgh CA 15390
Lisa Vasquez,21/07/1974,PSC 2038 Box 0236APO AA 75531
Emily Rice,24/12/1991,723 Patricia IslandsNorth Cheyenne MD 83589
Ryan Smith,08/07/2005,7181 Jeremy Estates Apt. 209Port Angela DC 99257
Kristi Hernandez,30/08/1966,23608 Howe Place Suite 293West Lauren KS 38569
Kimberly Lopez,02/12/1986,9124 Stephanie PineAllenmouth WA 53785
biil biggs,sometime,12 Butlersfield Drive
Mr. Michael Wright,24/03/2011,Unit 5645 Box 2710DPO AE 93022
Tammy Freeman,28/11/1983,97308 Janet Corner Suite 870Greenport ND 60236
Ashley Smith,24/11/2012,2047 Miller Trail Apt. 316New Tiffanytown CO 07835
Thomas Blair,13/12/1970,PSC 9451 Box 4658APO AE 30421
Adam Marshall,18/02/1991,57670 Kathleen Curve Suite 548Port Brittany GA 53139
Donald Harris,06/02/1979,64490 Amanda Causeway Apt. 447Port Antonio MN 73090
Elizabeth Gonzalez,21/03/1972,1414 Carlos Extension Apt. 576Andrealand VA 33967
Kyle Brown,21/12/2013,36411 Smith VillageNorth Scott NC 64363
Bryan Garcia,07/03/1969,7707 Nicholas Village Suite 289Port Geraldland KY 27639
Nicholas Chung,24/03/2000,82455 Baker Tunnel Apt. 192East Garrettton TN 86957
Samantha Sanders,02/06/2009,39010 Butler RapidLake Shari ND 13964
Timothy Dillon,10/12/1972,5378 Teresa ForksLewisfurt RI 74100
Melissa Hawkins,30/01/1999,5327 Harris Freeway Apt. 608West Jessica AK 44974
Wayne Wright,24/06/1987,PSC 8026 Box 4082APO AE 81738
Bill Gallagher,20/07/1992,295 Stacy Summit Suite 676Robinmouth DE 52509
Dana Hill,02/11/1986,427 Brewer Expressway Apt. 077Port Matthewburgh IA 56822
Susan Clark,26/03/1982,4699 Alfred CapeLake Dennis AL 37224
William Malone,04/11/2003,PSC 6965 Box 5372APO AE 07964
Ashley Haynes,07/06/1967,53565 Ellis Inlet Apt. 996Marcusburgh IN 66737
0.00535,12/06/2000,someplace new
Nichole Wood PhD,14/03/1978,3840 Hebert Flats Apt. 638Kristimouth AR 41463
Lindsey Hopkins,18/02/2011,37611 Ryan Streets Apt. 225South Tylerfurt TX 38079
Thomas Cox,06/03/1970,12858 Henry DamLake Jacqueline TN 88413
Samuel Rogers,06/11/1995,016 Taylor MillsNavarrotown OR 30145
Michael Wright,07/06/2006,5807 Guerra CreekKristybury IA 39823
Brian Hudson,30/09/1998,92476 Abbott Skyway Suite 729Lake Denise RI 25941
Benjamin Vang,20/09/2001,76635 Kimberly RestHammondburgh SC 61306
Edwin Ware,22/02/2004,668 Rachel Valley Apt. 960Kimberlyside AR 38247
Tanya Cook,19/03/2009,546 Williams Lakes Suite 207Ashleyside OK 85593
Ryan Collins,24/10/1998,75984 Vaughan WayWest Kirk RI 27369
Taylor Mann,29/11/1970,419 April Lights Suite 932South Elizabeth DC 43546
Cynthia Davidson,14/12/1994,797 Rachel ManorsSouth Elizabethfort PA 36256
Laura Bishop,14/01/1983,39992 Amy CliffsEast Sabrinaton LA 48784
Ryan Cannon,06/01/1967,29086 Mills Rue Suite 082Scottborough MI 79902
Colin Smith,26/06/1990,420 Morton Circles Suite 220Rogerbury KY 66150
David Lang,16/08/2007,8892 Vazquez JunctionsNew Crystal AZ 66134
Sherry Jones,12/02/2014,42412 Fisher FallMeyersfort WV 45019
Todd Morrow,13/02/2003,814 Judy HighwayBrandonville MT 67809
Jose Mccarthy,27/01/1991,089 Taylor RoadEast Michael DE 20771
Corey Gonzalez,11/07/1983,76492 Lisa Shore Suite 330Lake Williamhaven NJ 30086
Mark Johnson,03/12/2005,141 Aguilar RuePort Deniseville GA 18405
Melissa Leblanc,22/01/2013,33473 Anna NeckMyerston CA 37369
Richard Lane,04/10/1968,51458 Richard RouteWest Benjamin MT 56198
Eugene Jones,08/09/1981,343 Acosta Villages Suite 738Pamelaport NV 40036
Albert Macdonald,02/06/2002,31161 Chen Ford Apt. 305Bakerborough CT 08028
Daniel Duncan,08/12/1996,134 Mercer Meadow Suite 795Humphreyfurt WI 83652
Tammy Carpenter,30/04/2008,PSC 7665 Box 5374APO AP 71996
Mark Bowers,18/01/1980,918 Isabella BridgeBrianport NC 24267
Vanessa Perez,28/11/1978,9262 James RunPort Troy CO 09005
Mckenzie Green,27/04/1970,0909 Diaz LoopGallegosburgh NV 62998
Gregory Weeks,20/06/1994,9124 Susan ForgesEast Mauricechester AR 61422
Steven Keith,21/12/1982,7674 Michael Forest Suite 857Port Shawn DC 32362
Louis Roth,05/05/2002,3368 Rosales FerryNew Jasonmouth NV 82089
Christopher Greer,26/10/1982,8326 Mcintyre Freeway Apt. 398Summersside HI 78598
Michael Fuller,15/05/2012,58798 Johnson Estates Suite 921West Mark WY 81257
